[{"Name":"Kwande","State":"Benue "},{"Name":"Maradun","State":"Zamfara "},{"Name":"Jos East","State":"Plateau "},{"Name":"Tudun Wada","State":"Kano "},{"Name":"Ogba/Egbema/Ndoni","State":"Rivers "},{"Name":"Njikoka","State":"Anambra "},{"Name":"Yala","State":"Cross River "},{"Name":"Ibiono-Ibom","State":"Akwa Ibom "},{"Name":"Mai'Adua","State":"Katsina "},{"Name":"Ofu","State":"Kogi "},{"Name":"Unuimo","State":"Imo "},{"Name":"Kebbe","State":"Sokoto "},{"Name":"Gboko","State":"Benue "},{"Name":"Donga","State":"Taraba "},{"Name":"Shira","State":"Bauchi "},{"Name":"Madagali","State":"Adamawa "},{"Name":"Alkaleri","State":"Bauchi "},{"Name":"Gayuk","State":"Adamawa "},{"Name":"Ori Ire","State":"Oyo "},{"Name":"Ika South","State":"Delta "},{"Name":"Kumbotso","State":"Kano "},{"Name":"Nkwerre","State":"Imo "},{"Name":"Nafada","State":"Gombe "},{"Name":"Degema","State":"Rivers "},{"Name":"Ahiazu Mbaise","State":"Imo "},{"Name":"Shomolu","State":"Lagos "},{"Name":"Ikom","State":"Cross River "},{"Name":"Bida","State":"Niger "},{"Name":"Nasarawa Egon","State":"Nasarawa "},{"Name":"Kaura Namoda","State":"Zamfara "},{"Name":"Bauchi","State":"Bauchi "},{"Name":"Ila","State":"Osun "},{"Name":"Bungudu","State":"Zamfara "},{"Name":"Yenagoa","State":"Bayelsa "},{"Name":"Toungo","State":"Adamawa "},{"Name":"Warri South West","State":"Delta "},{"Name":"Kunchi","State":"Kano "},{"Name":"Gbako","State":"Niger "},{"Name":"Gamawa","State":"Bauchi "},{"Name":"Ezza South","State":"Ebonyi "},{"Name":"Gombe","State":"Gombe "},{"Name":"Musawa","State":"Katsina "},{"Name":"Aninri","State":"Enugu "},{"Name":"Ilaje","State":"Ondo "},{"Name":"Mubi South","State":"Adamawa "},{"Name":"Anambra East","State":"Anambra "},{"Name":"Koko/Besse","State":"Kebbi "},{"Name":"Biase","State":"Cross River "},{"Name":"Enugu North","State":"Enugu "},{"Name":"Bassa","State":"Kogi "},{"Name":"Akamkpa","State":"Cross River "},{"Name":"Bonny","State":"Rivers "},{"Name":"Egor","State":"Edo "},{"Name":"Akoko South-East","State":"Ondo "},{"Name":"Oshimili North","State":"Delta "},{"Name":"","State":""},{"Name":"Konduga","State":"Borno "},{"Name":"Ogo Oluwa","State":"Oyo "},{"Name":"Nsit-Ibom","State":"Akwa Ibom "},{"Name":"Okehi","State":"Kogi "},{"Name":"Esit Eket","State":"Akwa Ibom "},{"Name":"Ihiala","State":"Anambra "},{"Name":"Ijebu North","State":"Ogun "},{"Name":"Numan","State":"Adamawa "},{"Name":"Imeko Afon","State":"Ogun "},{"Name":"Katagum","State":"Bauchi "},{"Name":"Irepodun","State":"Kwara "},{"Name":"Sumaila","State":"Kano "},{"Name":"Obafemi Owode","State":"Ogun "},{"Name":"Ugwunagbo","State":"Abia "},{"Name":"Amuwo-Odofin","State":"Lagos "},{"Name":"Ikenne","State":"Ogun "},{"Name":"Ohaozara","State":"Ebonyi "},{"Name":"Isiala Ngwa North","State":"Abia "},{"Name":"Takai","State":"Kano "},{"Name":"Karasuwa","State":"Yobe "},{"Name":"Gwagwalada","State":"FCT"},{"Name":"Ife North","State":"Osun "},{"Name":"Ngor Okpala","State":"Imo "},{"Name":"Jos North","State":"Plateau "},{"Name":"Isoko North","State":"Delta "},{"Name":"Michika","State":"Adamawa "},{"Name":"Song","State":"Adamawa "},{"Name":"Ardo Kola","State":"Taraba "},{"Name":"Odeda","State":"Ogun "},{"Name":"Gwer East","State":"Benue "},{"Name":"Dikwa","State":"Borno "},{"Name":"Alimosho","State":"Lagos "},{"Name":"Biu","State":"Borno "},{"Name":"Nguru","State":"Yobe "},{"Name":"Kaduna South","State":"Kaduna "},{"Name":"Takum","State":"Taraba "},{"Name":"Dandume","State":"Katsina "},{"Name":"Adavi","State":"Kogi "},{"Name":"Uyo","State":"Akwa Ibom "},{"Name":"Oredo","State":"Edo "},{"Name":"Ika","State":"Akwa Ibom "},{"Name":"Ihitte/Uboma","State":"Imo "},{"Name":"Zango","State":"Katsina "},{"Name":"Ifelodun","State":"Kwara "},{"Name":"Ishielu","State":"Ebonyi "},{"Name":"Ohaukwu","State":"Ebonyi "},{"Name":"Demsa","State":"Adamawa "},{"Name":"Ibeju-Lekki","State":"Lagos "},{"Name":"Guri","State":"Jigawa "},{"Name":"Lafia","State":"Nasarawa "},{"Name":"Ijero","State":"Ekiti "},{"Name":"Aiyedaade","State":"Osun "},{"Name":"Tai","State":"Rivers "},{"Name":"Keana","State":"Nasarawa "},{"Name":"Gurara","State":"Niger "},{"Name":"Hadejia","State":"Jigawa "},{"Name":"Kanam","State":"Plateau "},{"Name":"Jakusko","State":"Yobe "},{"Name":"Aguata","State":"Anambra "},{"Name":"Epe","State":"Lagos "},{"Name":"Irepo","State":"Oyo "},{"Name":"Ajeromi-Ifelodun","State":"Lagos "},{"Name":"Makoda","State":"Kano "},{"Name":"Ibadan North","State":"Oyo "},{"Name":"Ungogo","State":"Kano "},{"Name":"Karaye","State":"Kano "},{"Name":"Oshimili South","State":"Delta "},{"Name":"Ukwa West","State":"Abia "},{"Name":"Makurdi","State":"Benue "},{"Name":"Isa","State":"Sokoto "},{"Name":"Ilesa East","State":"Osun "},{"Name":"Lagos Mainland","State":"Lagos "},{"Name":"Tofa","State":"Kano "},{"Name":"Nsit-Atai","State":"Akwa Ibom "},{"Name":"Yankwashi","State":"Jigawa "},{"Name":"Gwoza","State":"Borno "},{"Name":"Kudan","State":"Kaduna "},{"Name":"Mkpat-Enin","State":"Akwa Ibom "},{"Name":"Yola North","State":"Adamawa "},{"Name":"Ogbaru","State":"Anambra "},{"Name":"Calabar Municipal","State":"Cross River "},{"Name":"Atakunmosa East","State":"Osun "},{"Name":"Dan Musa","State":"Katsina "},{"Name":"Wasagu/Danko","State":"Kebbi "},{"Name":"Apa","State":"Benue "},{"Name":"Owo","State":"Ondo "},{"Name":"Egbado North","State":"Ogun "},{"Name":"Kaga","State":"Borno "},{"Name":"Bursari","State":"Yobe "},{"Name":"Ifedayo","State":"Osun "},{"Name":"Ibadan North-West","State":"Oyo "},{"Name":"Safana","State":"Katsina "},{"Name":"Marte","State":"Borno "},{"Name":"Ibi","State":"Taraba "},{"Name":"Kafur","State":"Katsina "},{"Name":"Kanke","State":"Plateau "},{"Name":"Orhionmwon","State":"Edo "},{"Name":"Monguno","State":"Borno "},{"Name":"Giwa","State":"Kaduna "},{"Name":"Iwo","State":"Osun "},{"Name":"Emuoha","State":"Rivers "},{"Name":"Shanono","State":"Kano "},{"Name":"Ola Oluwa","State":"Osun "},{"Name":"Kajuru","State":"Kaduna "},{"Name":"Roni","State":"Jigawa "},{"Name":"Magama","State":"Niger "},{"Name":"Igbo Eze South","State":"Enugu "},{"Name":"Gusau","State":"Zamfara "},{"Name":"Owan West","State":"Edo "},{"Name":"Boluwaduro","State":"Osun "},{"Name":"Kabba/Bunu","State":"Kogi "},{"Name":"Akoko North-West","State":"Ondo "},{"Name":"Gashaka","State":"Taraba "},{"Name":"Billiri","State":"Gombe "},{"Name":"Atisbo","State":"Oyo "},{"Name":"Bunkure","State":"Kano "},{"Name":"Ado","State":"Benue "},{"Name":"Fune","State":"Yobe "},{"Name":"Misau","State":"Bauchi "},{"Name":"Ikwo","State":"Ebonyi "},{"Name":"Ife South","State":"Osun "},{"Name":"Orumba North","State":"Anambra "},{"Name":"Owerri North","State":"Imo "},{"Name":"Olorunda","State":"Osun "},{"Name":"Oron","State":"Akwa Ibom "},{"Name":"Sabon Gari","State":"Kaduna "},{"Name":"Keffi","State":"Nasarawa "},{"Name":"Langtang North","State":"Plateau "},{"Name":"Ngaski","State":"Kebbi "},{"Name":"Minjibir","State":"Kano "},{"Name":"Lapai","State":"Niger "},{"Name":"Aleiro","State":"Kebbi "},{"Name":"Lavun","State":"Niger "},{"Name":"Buji","State":"Jigawa "},{"Name":"Aba South","State":"Abia "},{"Name":"Sabuwa","State":"Katsina "},{"Name":"Sagbama","State":"Bayelsa "},{"Name":"Southern Ijaw","State":"Bayelsa "},{"Name":"Idanre","State":"Ondo "},{"Name":"Nangere","State":"Yobe "},{"Name":"Udung-Uko","State":"Akwa Ibom "},{"Name":"Andoni","State":"Rivers "},{"Name":"Ethiope East","State":"Delta "},{"Name":"Aba North","State":"Abia "},{"Name":"Bayo","State":"Borno "},{"Name":"Etsako East","State":"Edo "},{"Name":"Abak","State":"Akwa Ibom "},{"Name":"Egbeda","State":"Oyo "},{"Name":"Dutsin Ma","State":"Katsina "},{"Name":"Ibarapa Central","State":"Oyo "},{"Name":"Oyi","State":"Anambra "},{"Name":"Ojo","State":"Lagos "},{"Name":"Saki West","State":"Oyo "},{"Name":"Anka","State":"Zamfara "},{"Name":"Machina","State":"Yobe "},{"Name":"Obi","State":"Nasarawa "},{"Name":"Itas/Gadau","State":"Bauchi "},{"Name":"Darazo","State":"Bauchi "},{"Name":"Onitsha South","State":"Anambra "},{"Name":"Ahoada East","State":"Rivers "},{"Name":"Mani","State":"Katsina "},{"Name":"Anaocha","State":"Anambra "},{"Name":"Kukawa","State":"Borno "},{"Name":"Bokkos","State":"Plateau "},{"Name":"Charanchi","State":"Katsina "},{"Name":"Lau","State":"Taraba "},{"Name":"Chafe","State":"Zamfara "},{"Name":"Awka North","State":"Anambra "},{"Name":"Riyom","State":"Plateau "},{"Name":"Maigatari","State":"Jigawa "},{"Name":"Chanchaga","State":"Niger "},{"Name":"Akoko South-West","State":"Ondo "},{"Name":"Brass","State":"Bayelsa "},{"Name":"Boki","State":"Cross River "},{"Name":"Ekiti West","State":"Ekiti "},{"Name":"Ukanafun","State":"Akwa Ibom "},{"Name":"Orolu","State":"Osun "},{"Name":"Dass","State":"Bauchi "},{"Name":"Okpokwu","State":"Benue "},{"Name":"Maiduguri","State":"Borno "},{"Name":"Gubio","State":"Borno "},{"Name":"Batagarawa","State":"Katsina "},{"Name":"Awka South","State":"Anambra "},{"Name":"Ankpa","State":"Kogi "},{"Name":"Isin","State":"Kwara "},{"Name":"Ido","State":"Oyo "},{"Name":"Osogbo","State":"Osun "},{"Name":"Wurno","State":"Sokoto "},{"Name":"Ogun Waterside","State":"Ogun "},{"Name":"Sule Tankarkar","State":"Jigawa "},{"Name":"Kano Municipal","State":"Kano "},{"Name":"Moba","State":"Ekiti "},{"Name":"Ikwerre","State":"Rivers "},{"Name":"Ogbia","State":"Bayelsa "},{"Name":"Funtua","State":"Katsina "},{"Name":"Abua/Odual","State":"Rivers "},{"Name":"Shagari","State":"Sokoto "},{"Name":"Albasu","State":"Kano "},{"Name":"Burutu","State":"Delta "},{"Name":"Sakaba","State":"Kebbi "},{"Name":"Rogo","State":"Kano "},{"Name":"Birnin Magaji/Kiyaw","State":"Zamfara "},{"Name":"Lamurde","State":"Adamawa "},{"Name":"Bebeji","State":"Kano "},{"Name":"Enugu East","State":"Enugu "},{"Name":"Birnin Kudu","State":"Jigawa "},{"Name":"Nnewi South","State":"Anambra "},{"Name":"Jos South","State":"Plateau "},{"Name":"Eleme","State":"Rivers "},{"Name":"Paikoro","State":"Niger "},{"Name":"Tarauni","State":"Kano "},{"Name":"Ganjuwa","State":"Bauchi "},{"Name":"Okobo","State":"Akwa Ibom "},{"Name":"Nsukka","State":"Enugu "},{"Name":"Jalingo","State":"Taraba "},{"Name":"Ewekoro","State":"Ogun "},{"Name":"Badagry","State":"Lagos "},{"Name":"Gwaram","State":"Jigawa "},{"Name":"Ijebu Ode","State":"Ogun "},{"Name":"Ovia North-East","State":"Edo "},{"Name":"Ovia South-West","State":"Edo "},{"Name":"Opobo/Nkoro","State":"Rivers "},{"Name":"Gwiwa","State":"Jigawa "},{"Name":"Umu Nneochi","State":"Abia "},{"Name":"Batsari","State":"Katsina "},{"Name":"Ibarapa North","State":"Oyo "},{"Name":"Toto","State":"Nasarawa "},{"Name":"Ifako-Ijaiye","State":"Lagos "},{"Name":"Ijebu North East","State":"Ogun "},{"Name":"Damaturu","State":"Yobe "},{"Name":"Sapele","State":"Delta "},{"Name":"Sokoto South","State":"Sokoto "},{"Name":"Katsina","State":"Katsina "},{"Name":"Fakai","State":"Kebbi "},{"Name":"Katsina-Ala","State":"Benue "},{"Name":"Ikara","State":"Kaduna "},{"Name":"Afikpo North","State":"Ebonyi "},{"Name":"Wudil","State":"Kano "},{"Name":"Ayamelum","State":"Anambra "},{"Name":"Ibesikpo Asutan","State":"Akwa Ibom "},{"Name":"Akko","State":"Gombe "},{"Name":"Obudu","State":"Cross River "},{"Name":"Ado Ekiti","State":"Ekiti "},{"Name":"Kosofe","State":"Lagos "},{"Name":"Ibadan South-East","State":"Oyo "},{"Name":"Idemili North","State":"Anambra "},{"Name":"Awgu","State":"Enugu "},{"Name":"Dutse","State":"Jigawa "},{"Name":"Igalamela Odolu","State":"Kogi "},{"Name":"Sabon Birni","State":"Sokoto "},{"Name":"Garun Mallam","State":"Kano "},{"Name":"Ifelodun","State":"Osun "},{"Name":"Malumfashi","State":"Katsina "},{"Name":"Sandamu","State":"Katsina "},{"Name":"Afikpo South","State":"Ebonyi "},{"Name":"Mbaitoli","State":"Imo "},{"Name":"Sanga","State":"Kaduna "},{"Name":"Abaji","State":"FCT"},{"Name":"Yusufari","State":"Yobe "},{"Name":"Irepodun/Ifelodun","State":"Ekiti "},{"Name":"Obot Akara","State":"Akwa Ibom "},{"Name":"Oruk Anam","State":"Akwa Ibom "},{"Name":"Gokana","State":"Rivers "},{"Name":"Uhunmwonde","State":"Edo "},{"Name":"Suleja","State":"Niger "},{"Name":"Akure South","State":"Ondo "},{"Name":"Malam Madori","State":"Jigawa "},{"Name":"Kankia","State":"Katsina "},{"Name":"Oju","State":"Benue "},{"Name":"Kiri Kasama","State":"Jigawa "},{"Name":"Odo Otin","State":"Osun "},{"Name":"Mafa","State":"Borno "},{"Name":"Wukari","State":"Taraba "},{"Name":"Guma","State":"Benue "},{"Name":"Mayo Belwa","State":"Adamawa "},{"Name":"Boripe","State":"Osun "},{"Name":"Okrika","State":"Rivers "},{"Name":"Ilorin West","State":"Kwara "},{"Name":"Pategi","State":"Kwara "},{"Name":"Lagelu","State":"Oyo "},{"Name":"Dukku","State":"Gombe "},{"Name":"Etche","State":"Rivers "},{"Name":"Kabo","State":"Kano "},{"Name":"Ukwa East","State":"Abia "},{"Name":"Gagarawa","State":"Jigawa "},{"Name":"Odogbolu","State":"Ogun "},{"Name":"Calabar South","State":"Cross River "},{"Name":"Owerri West","State":"Imo "},{"Name":"Goronyo","State":"Sokoto "},{"Name":"Obubra","State":"Cross River "},{"Name":"Nganzai","State":"Borno "},{"Name":"Etinan","State":"Akwa Ibom "},{"Name":"Efon","State":"Ekiti "},{"Name":"Tureta","State":"Sokoto "},{"Name":"Udenu","State":"Enugu "},{"Name":"Zurmi","State":"Zamfara "},{"Name":"Oke Ero","State":"Kwara "},{"Name":"Obanliku","State":"Cross River "},{"Name":"Etsako West","State":"Edo "},{"Name":"Tarka","State":"Benue "},{"Name":"Fika","State":"Yobe "},{"Name":"Kolokuma/Opokuma","State":"Bayelsa "},{"Name":"Bakori","State":"Katsina "},{"Name":"Awe","State":"Nasarawa "},{"Name":"Abi","State":"Cross River "},{"Name":"Bakura","State":"Zamfara "},{"Name":"Ingawa","State":"Katsina "},{"Name":"Funakaye","State":"Gombe "},{"Name":"Zaria","State":"Kaduna "},{"Name":"Arewa Dandi","State":"Kebbi "},{"Name":"Ado-Odo/Ota","State":"Ogun "},{"Name":"Nasarawa","State":"Kano "},{"Name":"Agatu","State":"Benue "},{"Name":"Orlu","State":"Imo "},{"Name":"Makarfi","State":"Kaduna "},{"Name":"Augie","State":"Kebbi "},{"Name":"Owerri Municipal","State":"Imo "},{"Name":"Rabah","State":"Sokoto "},{"Name":"Jega","State":"Kebbi "},{"Name":"Oji River","State":"Enugu "},{"Name":"Oriade","State":"Osun "},{"Name":"Ikorodu","State":"Lagos "},{"Name":"Uruan","State":"Akwa Ibom "},{"Name":"Ikot Ekpene","State":"Akwa Ibom "},{"Name":"Eti Osa","State":"Lagos "},{"Name":"Ivo","State":"Ebonyi "},{"Name":"Ikere","State":"Ekiti "},{"Name":"Dambatta","State":"Kano "},{"Name":"Ideato South","State":"Imo "},{"Name":"Dekina","State":"Kogi "},{"Name":"Akuku-Toru","State":"Rivers "},{"Name":"Sokoto North","State":"Sokoto "},{"Name":"Ekwusigo","State":"Anambra "},{"Name":"Shongom","State":"Gombe "},{"Name":"Gabasawa","State":"Kano "},{"Name":"Port Harcourt","State":"Rivers "},{"Name":"Rimi","State":"Katsina "},{"Name":"Mariga","State":"Niger "},{"Name":"Irewole","State":"Osun "},{"Name":"Kurfi","State":"Katsina "},{"Name":"Emure","State":"Ekiti "},{"Name":"Dandi","State":"Kebbi "},{"Name":"Etung","State":"Cross River "},{"Name":"Oyo","State":"Oyo "},{"Name":"Silame","State":"Sokoto "},{"Name":"Matazu","State":"Katsina "},{"Name":"Kaura","State":"Kaduna "},{"Name":"Shani","State":"Borno "},{"Name":"Bende","State":"Abia "},{"Name":"Garki","State":"Jigawa "},{"Name":"Ede South","State":"Osun "},{"Name":"Bosso","State":"Niger "},{"Name":"Oturkpo","State":"Benue "},{"Name":"Esan West","State":"Edo "},{"Name":"Ekiti South-West","State":"Ekiti "},{"Name":"Osisioma","State":"Abia "},{"Name":"Ijebu East","State":"Ogun "},{"Name":"Hawul","State":"Borno "},{"Name":"Chikun","State":"Kaduna "},{"Name":"Ezza North","State":"Ebonyi "},{"Name":"Illela","State":"Sokoto "},{"Name":"Nwangele","State":"Imo "},{"Name":"Vandeikya","State":"Benue "},{"Name":"Aiyedire","State":"Osun "},{"Name":"Babura","State":"Jigawa "},{"Name":"Edati","State":"Niger "},{"Name":"Orsu","State":"Imo "},{"Name":"Iseyin","State":"Oyo "},{"Name":"Mubi North","State":"Adamawa "},{"Name":"Wamako","State":"Sokoto "},{"Name":"Afijio","State":"Oyo "},{"Name":"Akinyele","State":"Oyo "},{"Name":"Rafi","State":"Niger "},{"Name":"Ekiti","State":"Kwara "},{"Name":"Nembe","State":"Bayelsa "},{"Name":"Gumel","State":"Jigawa "},{"Name":"Apapa","State":"Lagos "},{"Name":"Ife East","State":"Osun "},{"Name":"Orumba South","State":"Anambra "},{"Name":"Gujba","State":"Yobe "},{"Name":"Guzamala","State":"Borno "},{"Name":"Garko","State":"Kano "},{"Name":"Yagba East","State":"Kogi "},{"Name":"Rano","State":"Kano "},{"Name":"Ningi","State":"Bauchi "},{"Name":"Udu","State":"Delta "},{"Name":"Ido Osi","State":"Ekiti "},{"Name":"Mbo","State":"Akwa Ibom "},{"Name":"Obio/Akpor","State":"Rivers "},{"Name":"Gombi","State":"Adamawa "},{"Name":"Ikwuano","State":"Abia "},{"Name":"Bunza","State":"Kebbi "},{"Name":"Wushishi","State":"Niger "},{"Name":"Zangon Kataf","State":"Kaduna "},{"Name":"Ejigbo","State":"Osun "},{"Name":"Bindawa","State":"Katsina "},{"Name":"Kwaya Kusar","State":"Borno "},{"Name":"Onitsha North","State":"Anambra "},{"Name":"Gummi","State":"Zamfara "},{"Name":"Offa","State":"Kwara "},{"Name":"Agaie","State":"Niger "},{"Name":"Isi Uzo","State":"Enugu "},{"Name":"Danja","State":"Katsina "},{"Name":"Abeokuta North","State":"Ogun "},{"Name":"Jaba","State":"Kaduna "},{"Name":"Tangaza","State":"Sokoto "},{"Name":"Birnin Kebbi","State":"Kebbi "},{"Name":"Oluyole","State":"Oyo "},{"Name":"Oyigbo","State":"Rivers "},{"Name":"Kagarko","State":"Kaduna "},{"Name":"Isiala Mbano","State":"Imo "},{"Name":"Odukpani","State":"Cross River "},{"Name":"Abakaliki","State":"Ebonyi "},{"Name":"Oshodi-Isolo","State":"Lagos "},{"Name":"Ogbomosho South","State":"Oyo "},{"Name":"Asari-Toru","State":"Rivers "},{"Name":"Gwarzo","State":"Kano "},{"Name":"Ezeagu","State":"Enugu "},{"Name":"Gbonyin","State":"Ekiti "},{"Name":"Surulere","State":"Lagos "},{"Name":"Soba","State":"Kaduna "},{"Name":"Ezinihitte","State":"Imo "},{"Name":"Kankara","State":"Katsina "},{"Name":"Asa","State":"Kwara "},{"Name":"Lagos Island","State":"Lagos "},{"Name":"Biriniwa","State":"Jigawa "},{"Name":"Okpe","State":"Delta "},{"Name":"Sardauna","State":"Taraba "},{"Name":"Ibeno","State":"Akwa Ibom "},{"Name":"Ethiope West","State":"Delta "},{"Name":"Oyo East","State":"Oyo "},{"Name":"Giade","State":"Bauchi "},{"Name":"Bagwai","State":"Kano "},{"Name":"Auyo","State":"Jigawa "},{"Name":"Anambra West","State":"Anambra "},{"Name":"Dange Shuni","State":"Sokoto "},{"Name":"Ini","State":"Akwa Ibom "},{"Name":"Ringim","State":"Jigawa "},{"Name":"Ifedore","State":"Ondo "},{"Name":"Atiba","State":"Oyo "},{"Name":"Rimin Gado","State":"Kano "},{"Name":"Ukum","State":"Benue "},{"Name":"Nnewi North","State":"Anambra "},{"Name":"Obokun","State":"Osun "},{"Name":"Madobi","State":"Kano "},{"Name":"Ibadan North-East","State":"Oyo "},{"Name":"Omuma","State":"Rivers "},{"Name":"Uvwie","State":"Delta "},{"Name":"Idah","State":"Kogi "},{"Name":"Kiru","State":"Kano "},{"Name":"Shagamu","State":"Ogun "},{"Name":"Enugu South","State":"Enugu "},{"Name":"Akoko-Edo","State":"Edo "},{"Name":"Ile Oluji/Okeigbo","State":"Ondo "},{"Name":"Egbedore","State":"Osun "},{"Name":"Yola South","State":"Adamawa "},{"Name":"Ushongo","State":"Benue "},{"Name":"Eastern Obolo","State":"Akwa Ibom "},{"Name":"Yagba West","State":"Kogi "},{"Name":"Ilorin East","State":"Kwara "},{"Name":"Ikole","State":"Ekiti "},{"Name":"Dunukofia","State":"Anambra "},{"Name":"Doma","State":"Nasarawa "},{"Name":"Kaiama","State":"Kwara "},{"Name":"Kafin Hausa","State":"Jigawa "},{"Name":"Igbo Eze North","State":"Enugu "},{"Name":"Odigbo","State":"Ondo "},{"Name":"Dutsi","State":"Katsina "},{"Name":"Mopa Muro","State":"Kogi "},{"Name":"Warawa","State":"Kano "},{"Name":"Ipokia","State":"Ogun "},{"Name":"Yunusari","State":"Yobe "},{"Name":"Olorunsogo","State":"Oyo "},{"Name":"Bama","State":"Borno "},{"Name":"Mokwa","State":"Niger "},{"Name":"Igueben","State":"Edo "},{"Name":"Egbado South","State":"Ogun "},{"Name":"Irepodun","State":"Osun "},{"Name":"Barkin Ladi","State":"Plateau "},{"Name":"Ondo West","State":"Ondo "},{"Name":"Ughelli South","State":"Delta "},{"Name":"Potiskum","State":"Yobe "},{"Name":"Grie","State":"Adamawa "},{"Name":"Mashi","State":"Katsina "},{"Name":"Pankshin","State":"Plateau "},{"Name":"Bodinga","State":"Sokoto "},{"Name":"Kokona","State":"Nasarawa "},{"Name":"Nasarawa","State":"Nasarawa "},{"Name":"Arochukwu","State":"Abia "},{"Name":"Kauru","State":"Kaduna "},{"Name":"Esan Central","State":"Edo "},{"Name":"Umuahia South","State":"Abia "},{"Name":"Ohafia","State":"Abia "},{"Name":"Isuikwuato","State":"Abia "},{"Name":"Irele","State":"Ondo "},{"Name":"Jama'are","State":"Bauchi "},{"Name":"Langtang South","State":"Plateau "},{"Name":"Buruku","State":"Benue "},{"Name":"Ibadan South-West","State":"Oyo "},{"Name":"Gwer West","State":"Benue "},{"Name":"Ekiti East","State":"Ekiti "},{"Name":"Ehime Mbano","State":"Imo "},{"Name":"Suru","State":"Kebbi "},{"Name":"Obi","State":"Benue "},{"Name":"Lere","State":"Kaduna "},{"Name":"Ohimini","State":"Benue "},{"Name":"Shiroro","State":"Niger "},{"Name":"Ikono","State":"Akwa Ibom "},{"Name":"Ogbadibo","State":"Benue "},{"Name":"Ilejemeje","State":"Ekiti "},{"Name":"Mashegu","State":"Niger "},{"Name":"Chibok","State":"Borno "},{"Name":"Esan South-East","State":"Edo "},{"Name":"Jibia","State":"Katsina "},{"Name":"Maru","State":"Zamfara "},{"Name":"Kuje","State":"FCT"},{"Name":"Kumi","State":"Taraba "},{"Name":"Gezawa","State":"Kano "},{"Name":"Hong","State":"Adamawa "},{"Name":"Nkanu West","State":"Enugu "},{"Name":"Qua'an Pan","State":"Plateau "},{"Name":"Surulere","State":"Oyo "},{"Name":"Ajaokuta","State":"Kogi "},{"Name":"Olamaboro","State":"Kogi "},{"Name":"Gada","State":"Sokoto "},{"Name":"Ona Ara","State":"Oyo "},{"Name":"Ahoada West","State":"Rivers "},{"Name":"Geidam","State":"Yobe "},{"Name":"Udi","State":"Enugu "},{"Name":"Kalgo","State":"Kebbi "},{"Name":"Nkanu East","State":"Enugu "},{"Name":"Bomadi","State":"Delta "},{"Name":"Orelope","State":"Oyo "},{"Name":"Itesiwaju","State":"Oyo "},{"Name":"Idemili South","State":"Anambra "},{"Name":"Omala","State":"Kogi "},{"Name":"Municipal Area Council","State":"FCT"},{"Name":"Eket","State":"Akwa Ibom "},{"Name":"Yamaltu/Deba","State":"Gombe "},{"Name":"Katcha","State":"Niger "},{"Name":"Ganye","State":"Adamawa "},{"Name":"Ughelli North","State":"Delta "},{"Name":"Jahun","State":"Jigawa "},{"Name":"Tarmuwa","State":"Yobe "},{"Name":"Zing","State":"Taraba "},{"Name":"Uzo Uwani","State":"Enugu "},{"Name":"Zaki","State":"Bauchi "},{"Name":"Ohaji/Egbema","State":"Imo "},{"Name":"Oguta","State":"Imo "},{"Name":"Oru West","State":"Imo "},{"Name":"Magumeri","State":"Borno "},{"Name":"Ogbomosho North","State":"Oyo "},{"Name":"Obi Ngwa","State":"Abia "},{"Name":"Shinkafi","State":"Zamfara "},{"Name":"Onna","State":"Akwa Ibom "},{"Name":"Urue-Offong/Oruko","State":"Akwa Ibom "},{"Name":"Wase","State":"Plateau "},{"Name":"Agege","State":"Lagos "},{"Name":"Ifo","State":"Ogun "},{"Name":"Borgu","State":"Niger "},{"Name":"Ilorin South","State":"Kwara "},{"Name":"Bogoro","State":"Bauchi "},{"Name":"Kala/Balge","State":"Borno "},{"Name":"Ussa","State":"Taraba "},{"Name":"Miga","State":"Jigawa "},{"Name":"Yauri","State":"Kebbi "},{"Name":"Konshisha","State":"Benue "},{"Name":"Obowo","State":"Imo "},{"Name":"Gwale","State":"Kano "},{"Name":"Iwajowa","State":"Oyo "},{"Name":"Kwali","State":"FCT"},{"Name":"Ikpoba Okha","State":"Edo "},{"Name":"Tafa","State":"Niger "},{"Name":"Oyun","State":"Kwara "},{"Name":"Isiala Ngwa South","State":"Abia "},{"Name":"Kontagora","State":"Niger "},{"Name":"Ideato North","State":"Imo "},{"Name":"Owan East","State":"Edo "},{"Name":"Maiha","State":"Adamawa "},{"Name":"Ife Central","State":"Osun "},{"Name":"Wamba","State":"Nasarawa "},{"Name":"Jere","State":"Borno "},{"Name":"Gwadabawa","State":"Sokoto "},{"Name":"Mobbar","State":"Borno "},{"Name":"Esan North-East","State":"Edo "},{"Name":"Ndokwa East","State":"Delta "},{"Name":"Bukkuyum","State":"Zamfara "},{"Name":"Warri South","State":"Delta "},{"Name":"Tafawa Balewa","State":"Bauchi "},{"Name":"Warji","State":"Bauchi "},{"Name":"Ibaji","State":"Kogi "},{"Name":"Maiyama","State":"Kebbi "},{"Name":"Ajingi","State":"Kano "},{"Name":"Akure North","State":"Ondo "},{"Name":"Etim Ekpo","State":"Akwa Ibom "},{"Name":"Gaya","State":"Kano "},{"Name":"Daura","State":"Katsina "},{"Name":"Gudu","State":"Sokoto "},{"Name":"Doguwa","State":"Kano "},{"Name":"Fagge","State":"Kano "},{"Name":"Fufure","State":"Adamawa "},{"Name":"Igbo Etiti","State":"Enugu "},{"Name":"Okene","State":"Kogi "},{"Name":"Binji","State":"Sokoto "},{"Name":"Igabi","State":"Kaduna "},{"Name":"Askira/Uba","State":"Borno "},{"Name":"Kaita","State":"Katsina "},{"Name":"Isoko South","State":"Delta "},{"Name":"Dawakin Tofa","State":"Kano "},{"Name":"Faskari","State":"Katsina "},{"Name":"Ise/Orun","State":"Ekiti "},{"Name":"Itu","State":"Akwa Ibom "},{"Name":"Zuru","State":"Kebbi "},{"Name":"Ijumu","State":"Kogi "},{"Name":"Dala","State":"Kano "},{"Name":"Kogi","State":"Kogi "},{"Name":"Akoko North-East","State":"Ondo "},{"Name":"Yabo","State":"Sokoto "},{"Name":"Kusada","State":"Katsina "},{"Name":"Atakunmosa West","State":"Osun "},{"Name":"Bichi","State":"Kano "},{"Name":"Ogoja","State":"Cross River "},{"Name":"Kachia","State":"Kaduna "},{"Name":"Isokan","State":"Osun "},{"Name":"Aniocha South","State":"Delta "},{"Name":"Nsit-Ubium","State":"Akwa Ibom "},{"Name":"Aniocha North","State":"Delta "},{"Name":"Abeokuta South","State":"Ogun "},{"Name":"Yakuur","State":"Cross River "},{"Name":"Kirfi","State":"Bauchi "},{"Name":"Ese Odo","State":"Ondo "},{"Name":"Yorro","State":"Taraba "},{"Name":"Balanga","State":"Gombe "},{"Name":"Tsanyawa","State":"Kano "},{"Name":"Essien Udim","State":"Akwa Ibom "},{"Name":"Kaduna North","State":"Kaduna "},{"Name":"Warri North","State":"Delta "},{"Name":"Ndokwa West","State":"Delta "},{"Name":"Toro","State":"Bauchi "},{"Name":"Agwara","State":"Niger "},{"Name":"Ukwuani","State":"Delta "},{"Name":"Umuahia North","State":"Abia "},{"Name":"Bekwarra","State":"Cross River "},{"Name":"Ede North","State":"Osun "},{"Name":"Logo","State":"Benue "},{"Name":"Jada","State":"Adamawa "},{"Name":"Gulani","State":"Yobe "},{"Name":"Ekeremor","State":"Bayelsa "},{"Name":"Okigwe","State":"Imo "},{"Name":"Moya","State":"Niger "},{"Name":"Gassol","State":"Taraba "},{"Name":"Taura","State":"Jigawa "},{"Name":"Onicha","State":"Ebonyi "},{"Name":"Argungu","State":"Kebbi "},{"Name":"Birnin Gwari","State":"Kaduna "},{"Name":"Kaltungo","State":"Gombe "},{"Name":"Remo North","State":"Ogun "},{"Name":"Tambuwal","State":"Sokoto "},{"Name":"Rijau","State":"Niger "},{"Name":"Ondo East","State":"Ondo "},{"Name":"Shelleng","State":"Adamawa "},{"Name":"Gwandu","State":"Kebbi "},{"Name":"Bassa","State":"Plateau "},{"Name":"Saki East","State":"Oyo "},{"Name":"Moro","State":"Kwara "},{"Name":"Talata Mafara","State":"Zamfara "},{"Name":"Akpabuyo","State":"Cross River "},{"Name":"Njaba","State":"Imo "},{"Name":"Kiyawa","State":"Jigawa "},{"Name":"Mangu","State":"Plateau "},{"Name":"Oye","State":"Ekiti "},{"Name":"Ilesa West","State":"Osun "},{"Name":"Jema'a","State":"Kaduna "},{"Name":"Kwami","State":"Gombe "},{"Name":"Bwari","State":"FCT"},{"Name":"Dawakin Kudu","State":"Kano "},{"Name":"Abadam","State":"Borno "},{"Name":"Khana","State":"Rivers "},{"Name":"Kware","State":"Sokoto "},{"Name":"Mushin","State":"Lagos "},{"Name":"Shanga","State":"Kebbi "},{"Name":"Ngala","State":"Borno "},{"Name":"Baure","State":"Katsina "},{"Name":"Isu","State":"Imo "},{"Name":"Bagudo","State":"Kebbi "},{"Name":"Kubau","State":"Kaduna "},{"Name":"Damban","State":"Bauchi "},{"Name":"Mikang","State":"Plateau "},{"Name":"Ikeja","State":"Lagos "},{"Name":"Edu","State":"Kwara "},{"Name":"Ikot Abasi","State":"Akwa Ibom "},{"Name":"Kaugama","State":"Jigawa "},{"Name":"Karim Lamido","State":"Taraba "},{"Name":"Aboh Mbaise","State":"Imo "},{"Name":"Bali","State":"Taraba "},{"Name":"Shendam","State":"Plateau "},{"Name":"Ibarapa East","State":"Oyo "},{"Name":"Karu","State":"Nasarawa "},{"Name":"Etsako Central","State":"Edo "},{"Name":"Ebonyi","State":"Ebonyi "},{"Name":"Akwanga","State":"Nasarawa "},{"Name":"Oru East","State":"Imo "},{"Name":"Izzi","State":"Ebonyi "},{"Name":"Bade","State":"Yobe "},{"Name":"Kura","State":"Kano "},{"Name":"Kajola","State":"Oyo "},{"Name":"Ika North East","State":"Delta "},{"Name":"Bakassi","State":"Cross River "},{"Name":"Kibiya","State":"Kano "},{"Name":"Patani","State":"Delta "},{"Name":"Ose","State":"Ondo "},{"Name":"Damboa","State":"Borno "},{"Name":"Kazaure","State":"Jigawa "},{"Name":"Ogu/Bolo","State":"Rivers "},{"Name":"Lokoja","State":"Kogi "},{"Name":"Baruten","State":"Kwara "},{"Name":"Ikeduru","State":"Imo "},{"Name":"Ogori/Magongo","State":"Kogi "},{"Name":"Okitipupa","State":"Ondo "}]